INSERT INTO `extras` (`id`, `name`, `isChoosable`, `price_amount`) VALUES
(1,	'Tomaten',	0,	1),
(2,	'Käse',	0,	1),
(3,	'Sardellen',	1,	1),
(4,	'Oliven',	1,	1),
(5,	'Salami',	1,	0.5),
(6,	'Schinken',	1,	0.5),
(7,	'Champignons',	1,	0.75),
(8,	'Paprika',	1,	0.5),
(9,	'Mozzarella',	1,	1),
(10,	'Basilikum',	1,	0.75),
(11,	'Peperoniwurst',	1,	1),
(12,	'Zwiebeln',	1,	0.5),
(13,	'Knoblauch',	1,	0.5);

INSERT INTO `pizzas` (`id`, `name`, `description`, `price_amount`) VALUES
(4,	'Magherita',	'Eine leckere Käsepizza.',	4),
(5,	'Napoli',	'Ein Mix aus Sardellen und Oliven bieten den ultimativen Flair.',	5.5),
(6,	'Salami',	'Der Klassiker unter den Pizzen.',	4.7),
(7,	'Prosciutto',	'Der im Volksmund auch als Schinkenpizza bekannte Klassiker.',	4.7),
(8,	'Funghi',	'Die beste Wahl für alle Pilzliebhaber.',	4.7),
(9,	'Salami-Paprika',	'Die beste Kombination zwischen deftig und frisch!',	5.5),
(10,	'Tricolore',	'100% vegetarisch - 100% lecker!',	5.5),
(11,	'Diavolo',	'Teuflisch scharf!',	5.5),
(12,	'Roma',	'Schinken und Champignons, köstlich im Steinofen zubereitet.',	5.5);

INSERT INTO `pizzas_extras` (`pizza_id`, `extra_id`) VALUES
(4,	1),
(4,	2),
(5,	1),
(5,	2),
(5,	3),
(5,	4),
(6,	1),
(6,	2),
(6,	5),
(7,	1),
(7,	2),
(7,	6),
(8,	1),
(8,	2),
(8,	7),
(9,	1),
(9,	2),
(9,	5),
(9,	8),
(10,	1),
(10,	2),
(10,	9),
(10,	10),
(11,	1),
(11,	2),
(11,	11),
(11,	12),
(11,	13),
(12,	1),
(12,	2),
(12,	11),
(12,	12),
(12,	13);

INSERT INTO `users` (`id`, `email`, `roles`, `password`) VALUES
(1,	'php@gmail.com',	'[\"ROLE_ADMIN\"]\r\n',	'$2y$13$.MwY.Tp3tO8w.twJ6eY7ROb/dzSpuClhLEK8blxK4mVjDtRxa1iGO');